timestamp,solar_kwh,demand_kwh,grid_import_kwh,arbitrage_action,battery_charged_kwh,battery_discharged_kwh,soc_percent,battery_energy_kwh
2024-05-01T00:00:00,0.000,0.025,0.000,HOLD,0.000,0.000,49.8,6.725
2024-05-01T00:05:00,0.000,0.025,0.000,HOLD,0.000,0.000,49.6,6.700
2024-05-01T00:10:00,0.000,0.025,0.000,HOLD,0.000,0.000,49.4,6.675
2024-05-01T00:15:00,0.000,0.025,0.000,HOLD,0.000,0.000,49.3,6.650
2024-05-01T00:20:00,0.000,0.025,0.000,HOLD,0.000,0.000,49.1,6.625
2024-05-01T00:25:00,0.000,0.025,0.000,HOLD,0.000,0.000,48.9,6.600
2024-05-01T00:30:00,0.000,0.025,0.000,HOLD,0.000,0.000,48.7,6.575
2024-05-01T00:35:00,0.000,0.025,0.000,HOLD,0.000,0.000,48.5,6.550
2024-05-01T00:40:00,0.000,0.025,0.000,HOLD,0.000,0.000,48.3,6.525
2024-05-01T00:45:00,0.000,0.025,0.000,HOLD,0.000,0.000,48.1,6.500
2024-05-01T00:50:00,0.000,0.025,0.000,HOLD,0.000,0.000,48.0,6.475
2024-05-01T00:55:00,0.000,0.025,0.000,HOLD,0.000,0.000,47.8,6.450
2024-05-01T01:00:00,0.000,0.025,0.000,HOLD,0.000,0.000,47.6,6.425
2024-05-01T01:05:00,0.000,0.025,0.000,HOLD,0.000,0.000,47.4,6.400
2024-05-01T01:10:00,0.000,0.025,0.000,HOLD,0.000,0.000,47.2,6.375
2024-05-01T01:15:00,0.000,0.025,0.000,HOLD,0.000,0.000,47.0,6.350
2024-05-01T01:20:00,0.000,0.025,0.000,HOLD,0.000,0.000,46.9,6.325
2024-05-01T01:25:00,0.000,0.025,0.000,HOLD,0.000,0.000,46.7,6.300
2024-05-01T01:30:00,0.000,0.025,0.000,HOLD,0.000,0.000,46.5,6.275
2024-05-01T01:35:00,0.000,0.025,0.000,HOLD,0.000,0.000,46.3,6.250
2024-05-01T01:40:00,0.000,0.025,0.000,HOLD,0.000,0.000,46.1,6.225
2024-05-01T01:45:00,0.000,0.025,0.000,HOLD,0.000,0.000,45.9,6.200
2024-05-01T01:50:00,0.000,0.025,0.000,HOLD,0.000,0.000,45.7,6.175
2024-05-01T01:55:00,0.000,0.025,0.000,HOLD,0.000,0.000,45.6,6.150
2024-05-01T02:00:00,0.000,0.025,0.000,HOLD,0.000,0.000,45.4,6.125
2024-05-01T02:05:00,0.000,0.025,0.000,HOLD,0.000,0.000,45.2,6.100
2024-05-01T02:10:00,0.000,0.025,0.000,HOLD,0.000,0.000,45.0,6.075
2024-05-01T02:15:00,0.000,0.025,0.000,HOLD,0.000,0.000,44.8,6.050
2024-05-01T02:20:00,0.000,0.025,0.000,HOLD,0.000,0.000,44.6,6.025
2024-05-01T02:25:00,0.000,0.025,0.000,HOLD,0.000,0.000,44.4,6.000
2024-05-01T02:30:00,0.000,0.025,0.000,HOLD,0.000,0.000,44.3,5.975
2024-05-01T02:35:00,0.000,0.025,0.000,HOLD,0.000,0.000,44.1,5.950
2024-05-01T02:40:00,0.000,0.025,0.000,HOLD,0.000,0.000,43.9,5.925
2024-05-01T02:45:00,0.000,0.025,0.000,HOLD,0.000,0.000,43.7,5.900
2024-05-01T02:50:00,0.000,0.025,0.000,HOLD,0.000,0.000,43.5,5.875
2024-05-01T02:55:00,0.000,0.025,0.000,HOLD,0.000,0.000,43.3,5.850
2024-05-01T03:00:00,0.000,0.025,0.000,HOLD,0.000,0.000,43.1,5.825
2024-05-01T03:05:00,0.000,0.025,0.000,HOLD,0.000,0.000,43.0,5.800
2024-05-01T03:10:00,0.000,0.025,0.000,HOLD,0.000,0.000,42.8,5.775
2024-05-01T03:15:00,0.000,0.025,0.000,HOLD,0.000,0.000,42.6,5.750
2024-05-01T03:20:00,0.000,0.025,0.000,HOLD,0.000,0.000,42.4,5.725
2024-05-01T03:25:00,0.000,0.025,0.000,HOLD,0.000,0.000,42.2,5.700
2024-05-01T03:30:00,0.000,0.025,0.000,HOLD,0.000,0.000,42.0,5.675
2024-05-01T03:35:00,0.000,0.025,0.000,HOLD,0.000,0.000,41.9,5.650
2024-05-01T03:40:00,0.000,0.025,0.000,HOLD,0.000,0.000,41.7,5.625
2024-05-01T03:45:00,0.000,0.025,0.000,HOLD,0.000,0.000,41.5,5.600
2024-05-01T03:50:00,0.000,0.025,0.000,HOLD,0.000,0.000,41.3,5.575
2024-05-01T03:55:00,0.000,0.025,0.000,HOLD,0.000,0.000,41.1,5.550
2024-05-01T04:00:00,0.000,0.025,0.000,HOLD,0.000,0.000,40.9,5.525
2024-05-01T04:05:00,0.000,0.026,0.000,HOLD,0.000,0.000,40.7,5.499
2024-05-01T04:10:00,0.000,0.026,0.000,HOLD,0.000,0.000,40.5,5.473
2024-05-01T04:15:00,0.000,0.027,0.000,HOLD,0.000,0.000,40.3,5.446
2024-05-01T04:20:00,0.000,0.028,0.000,HOLD,0.000,0.000,40.1,5.418
2024-05-01T04:25:00,0.000,0.028,0.000,HOLD,0.000,0.000,39.9,5.390
2024-05-01T04:30:00,0.000,0.029,0.000,HOLD,0.000,0.000,39.7,5.360
2024-05-01T04:35:00,0.000,0.030,0.000,HOLD,0.000,0.000,39.5,5.331
2024-05-01T04:40:00,0.000,0.031,0.000,HOLD,0.000,0.000,39.3,5.300
2024-05-01T04:45:00,0.000,0.031,0.000,HOLD,0.000,0.000,39.0,5.269
2024-05-01T04:50:00,0.000,0.032,0.000,HOLD,0.000,0.000,38.8,5.237
2024-05-01T04:55:00,0.000,0.033,0.000,HOLD,0.000,0.000,38.5,5.204
2024-05-01T05:00:00,0.000,0.033,0.000,HOLD,0.000,0.000,38.3,5.171
2024-05-01T05:05:00,0.000,0.036,0.000,HOLD,0.000,0.000,38.0,5.135
2024-05-01T05:10:00,0.000,0.039,0.000,HOLD,0.000,0.000,37.7,5.096
2024-05-01T05:15:00,0.000,0.042,0.000,HOLD,0.000,0.000,37.4,5.054
2024-05-01T05:20:00,0.000,0.044,0.000,HOLD,0.000,0.000,37.1,5.010
2024-05-01T05:25:00,0.000,0.047,0.000,HOLD,0.000,0.000,36.8,4.962
2024-05-01T05:30:00,0.000,0.050,0.000,HOLD,0.000,0.000,36.4,4.912
2024-05-01T05:35:00,0.000,0.053,0.000,HOLD,0.000,0.000,36.0,4.860
2024-05-01T05:40:00,0.000,0.056,0.000,HOLD,0.000,0.000,35.6,4.804
2024-05-01T05:45:00,0.000,0.058,0.000,HOLD,0.000,0.000,35.2,4.746
2024-05-01T05:50:00,0.000,0.061,0.000,HOLD,0.000,0.000,34.7,4.685
2024-05-01T05:55:00,0.000,0.064,0.000,HOLD,0.000,0.000,34.2,4.621
2024-05-01T06:00:00,0.090,0.067,0.000,HOLD,0.000,0.000,34.4,4.644
2024-05-01T06:05:00,0.095,0.069,0.000,HOLD,0.000,0.000,34.6,4.670
2024-05-01T06:10:00,0.101,0.072,0.000,HOLD,0.000,0.000,34.8,4.699
2024-05-01T06:15:00,0.106,0.075,0.000,HOLD,0.000,0.000,35.0,4.730
2024-05-01T06:20:00,0.112,0.078,0.000,HOLD,0.000,0.000,35.3,4.764
2024-05-01T06:25:00,0.118,0.081,0.000,HOLD,0.000,0.000,35.6,4.802
2024-05-01T06:30:00,0.124,0.083,0.000,HOLD,0.000,0.000,35.9,4.842
2024-05-01T06:35:00,0.131,0.086,0.000,HOLD,0.000,0.000,36.2,4.887
2024-05-01T06:40:00,0.137,0.089,0.000,HOLD,0.000,0.000,36.6,4.935
2024-05-01T06:45:00,0.144,0.092,0.000,HOLD,0.000,0.000,36.9,4.988
2024-05-01T06:50:00,0.151,0.094,0.000,HOLD,0.000,0.000,37.4,5.045
2024-05-01T06:55:00,0.159,0.097,0.000,HOLD,0.000,0.000,37.8,5.106
2024-05-01T07:00:00,0.166,0.100,0.000,HOLD,0.000,0.000,38.3,5.172
2024-05-01T07:05:00,0.174,0.098,0.000,HOLD,0.000,0.000,38.9,5.248
2024-05-01T07:10:00,0.182,0.096,0.000,HOLD,0.000,0.000,39.5,5.335
2024-05-01T07:15:00,0.190,0.094,0.000,HOLD,0.000,0.000,40.2,5.431
2024-05-01T07:20:00,0.199,0.092,0.000,HOLD,0.000,0.000,41.0,5.538
2024-05-01T07:25:00,0.208,0.090,0.000,HOLD,0.000,0.000,41.9,5.656
2024-05-01T07:30:00,0.216,0.087,0.000,HOLD,0.000,0.000,42.9,5.785
2024-05-01T07:35:00,0.226,0.085,0.000,HOLD,0.000,0.000,43.9,5.925
2024-05-01T07:40:00,0.235,0.083,0.000,HOLD,0.000,0.000,45.0,6.077
2024-05-01T07:45:00,0.244,0.081,0.000,HOLD,0.000,0.000,46.2,6.240
2024-05-01T07:50:00,0.254,0.079,0.000,HOLD,0.000,0.000,47.5,6.415
2024-05-01T07:55:00,0.264,0.077,0.000,HOLD,0.000,0.000,48.9,6.602
2024-05-01T08:00:00,0.274,0.075,0.000,EXPORT,0.000,0.083,49.8,6.718
2024-05-01T08:05:00,0.284,0.073,0.000,EXPORT,0.000,0.083,50.7,6.846
2024-05-01T08:10:00,0.295,0.071,0.000,EXPORT,0.000,0.083,51.8,6.986
2024-05-01T08:15:00,0.305,0.069,0.000,EXPORT,0.000,0.083,52.9,7.140
2024-05-01T08:20:00,0.316,0.067,0.000,EXPORT,0.000,0.083,54.1,7.305
2024-05-01T08:25:00,0.327,0.065,0.000,EXPORT,0.000,0.083,55.4,7.484
2024-05-01T08:30:00,0.338,0.062,0.000,EXPORT,0.000,0.083,56.9,7.676
2024-05-01T08:35:00,0.349,0.060,0.000,EXPORT,0.000,0.083,58.4,7.881
2024-05-01T08:40:00,0.360,0.058,0.000,EXPORT,0.000,0.083,60.0,8.099
2024-05-01T08:45:00,0.371,0.056,0.000,EXPORT,0.000,0.083,61.7,8.330
2024-05-01T08:50:00,0.382,0.054,0.000,EXPORT,0.000,0.083,63.5,8.574
2024-05-01T08:55:00,0.393,0.052,0.000,EXPORT,0.000,0.083,65.4,8.832
2024-05-01T09:00:00,0.404,0.050,0.000,EXPORT,0.000,0.083,67.4,9.103
2024-05-01T09:05:00,0.416,0.049,0.000,EXPORT,0.000,0.083,69.5,9.386
2024-05-01T09:10:00,0.427,0.049,0.000,EXPORT,0.000,0.083,71.6,9.671
2024-05-01T09:15:00,0.438,0.048,0.000,EXPORT,0.000,0.083,73.7,9.956
2024-05-01T09:20:00,0.449,0.047,0.000,EXPORT,0.000,0.167,75.3,10.159
2024-05-01T09:25:00,0.460,0.047,0.000,EXPORT,0.000,0.167,76.8,10.362
2024-05-01T09:30:00,0.471,0.046,0.000,EXPORT,0.000,0.167,78.3,10.566
2024-05-01T09:35:00,0.482,0.045,0.000,EXPORT,0.000,0.167,79.8,10.771
2024-05-01T09:40:00,0.493,0.044,0.000,EXPORT,0.000,0.167,81.3,10.977
2024-05-01T09:45:00,0.503,0.044,0.000,EXPORT,0.000,0.167,82.8,11.183
2024-05-01T09:50:00,0.514,0.043,0.000,EXPORT,0.000,0.167,84.4,11.390
2024-05-01T09:55:00,0.524,0.042,0.000,EXPORT,0.000,0.167,85.9,11.598
2024-05-01T10:00:00,0.534,0.042,0.000,EXPORT,0.000,0.292,86.5,11.681
2024-05-01T10:05:00,0.544,0.042,0.000,EXPORT,0.000,0.292,87.1,11.764
2024-05-01T10:10:00,0.553,0.043,0.000,EXPORT,0.000,0.292,87.7,11.846
2024-05-01T10:15:00,0.562,0.044,0.000,EXPORT,0.000,0.292,88.3,11.927
2024-05-01T10:20:00,0.571,0.044,0.000,EXPORT,0.000,0.292,88.9,12.007
2024-05-01T10:25:00,0.580,0.045,0.000,EXPORT,0.000,0.292,89.5,12.087
2024-05-01T10:30:00,0.588,0.046,0.000,EXPORT,0.000,0.292,90.1,12.166
2024-05-01T10:35:00,0.596,0.047,0.000,EXPORT,0.000,0.292,90.7,12.245
2024-05-01T10:40:00,0.604,0.047,0.000,EXPORT,0.000,0.292,91.3,12.323
2024-05-01T10:45:00,0.611,0.048,0.000,EXPORT,0.000,0.292,91.8,12.400
2024-05-01T10:50:00,0.618,0.049,0.000,EXPORT,0.000,0.292,92.4,12.476
2024-05-01T10:55:00,0.625,0.049,0.000,EXPORT,0.000,0.292,92.5,12.484
2024-05-01T11:00:00,0.631,0.050,0.000,EXPORT,0.000,0.292,92.5,12.483
2024-05-01T11:05:00,0.636,0.052,0.000,EXPORT,0.000,0.292,92.5,12.481
2024-05-01T11:10:00,0.641,0.054,0.000,EXPORT,0.000,0.292,92.4,12.479
2024-05-01T11:15:00,0.646,0.056,0.000,EXPORT,0.000,0.292,92.4,12.477
2024-05-01T11:20:00,0.650,0.058,0.000,EXPORT,0.000,0.292,92.4,12.475
2024-05-01T11:25:00,0.654,0.060,0.000,EXPORT,0.000,0.292,92.4,12.473
2024-05-01T11:30:00,0.657,0.062,0.000,EXPORT,0.000,0.292,92.4,12.471
2024-05-01T11:35:00,0.660,0.065,0.000,EXPORT,0.000,0.292,92.4,12.469
2024-05-01T11:40:00,0.663,0.067,0.000,EXPORT,0.000,0.292,92.3,12.467
2024-05-01T11:45:00,0.664,0.069,0.000,EXPORT,0.000,0.292,92.3,12.465
2024-05-01T11:50:00,0.666,0.071,0.000,EXPORT,0.000,0.292,92.3,12.462
2024-05-01T11:55:00,0.666,0.073,0.000,EXPORT,0.000,0.292,92.3,12.460
2024-05-01T12:00:00,0.667,0.075,0.000,EXPORT,0.000,0.292,92.3,12.458
2024-05-01T12:05:00,0.666,0.074,0.000,EXPORT,0.000,0.292,92.3,12.460
2024-05-01T12:10:00,0.666,0.072,0.000,EXPORT,0.000,0.292,92.3,12.461
2024-05-01T12:15:00,0.664,0.071,0.000,EXPORT,0.000,0.292,92.3,12.462
2024-05-01T12:20:00,0.663,0.069,0.000,EXPORT,0.000,0.292,92.3,12.464
2024-05-01T12:25:00,0.660,0.068,0.000,EXPORT,0.000,0.292,92.3,12.465
2024-05-01T12:30:00,0.657,0.067,0.000,EXPORT,0.000,0.292,92.3,12.467
2024-05-01T12:35:00,0.654,0.065,0.000,EXPORT,0.000,0.292,92.4,12.468
2024-05-01T12:40:00,0.650,0.064,0.000,EXPORT,0.000,0.292,92.4,12.469
2024-05-01T12:45:00,0.646,0.062,0.000,EXPORT,0.000,0.292,92.4,12.471
2024-05-01T12:50:00,0.641,0.061,0.000,EXPORT,0.000,0.292,92.4,12.472
2024-05-01T12:55:00,0.636,0.060,0.000,EXPORT,0.000,0.292,92.4,12.474
2024-05-01T13:00:00,0.631,0.058,0.000,EXPORT,0.000,0.292,92.4,12.475
2024-05-01T13:05:00,0.625,0.057,0.000,EXPORT,0.000,0.292,92.4,12.476
2024-05-01T13:10:00,0.618,0.056,0.000,EXPORT,0.000,0.292,92.4,12.478
2024-05-01T13:15:00,0.611,0.054,0.000,EXPORT,0.000,0.292,92.4,12.479
2024-05-01T13:20:00,0.604,0.053,0.000,EXPORT,0.000,0.292,92.4,12.481
2024-05-01T13:25:00,0.596,0.051,0.000,EXPORT,0.000,0.292,92.5,12.482
2024-05-01T13:30:00,0.588,0.050,0.000,EXPORT,0.000,0.292,92.5,12.483
2024-05-01T13:35:00,0.580,0.049,0.000,EXPORT,0.000,0.292,92.5,12.485
2024-05-01T13:40:00,0.571,0.047,0.000,EXPORT,0.000,0.292,92.5,12.486
2024-05-01T13:45:00,0.562,0.046,0.000,EXPORT,0.000,0.292,92.5,12.488
2024-05-01T13:50:00,0.553,0.044,0.000,EXPORT,0.000,0.292,92.5,12.489
2024-05-01T13:55:00,0.544,0.043,0.000,EXPORT,0.000,0.292,92.5,12.490
2024-05-01T14:00:00,0.534,0.042,0.000,EXPORT,0.000,0.292,92.5,12.492
2024-05-01T14:05:00,0.524,0.042,0.000,EXPORT,0.000,0.292,92.5,12.492
2024-05-01T14:10:00,0.514,0.042,0.000,EXPORT,0.000,0.292,92.5,12.492
2024-05-01T14:15:00,0.503,0.042,0.000,EXPORT,0.000,0.292,92.5,12.492
2024-05-01T14:20:00,0.493,0.042,0.000,EXPORT,0.000,0.292,92.5,12.492
2024-05-01T14:25:00,0.482,0.042,0.000,EXPORT,0.000,0.292,92.5,12.492
2024-05-01T14:30:00,0.471,0.042,0.000,EXPORT,0.000,0.292,92.5,12.492
2024-05-01T14:35:00,0.460,0.042,0.000,EXPORT,0.000,0.292,92.5,12.492
2024-05-01T14:40:00,0.449,0.042,0.000,EXPORT,0.000,0.292,92.5,12.492
2024-05-01T14:45:00,0.438,0.042,0.000,EXPORT,0.000,0.292,92.5,12.492
2024-05-01T14:50:00,0.427,0.042,0.000,EXPORT,0.000,0.292,92.5,12.492
2024-05-01T14:55:00,0.416,0.042,0.000,EXPORT,0.000,0.292,92.5,12.492
2024-05-01T15:00:00,0.404,0.042,0.000,EXPORT,0.000,0.167,93.5,12.617
2024-05-01T15:05:00,0.393,0.042,0.000,EXPORT,0.000,0.167,93.5,12.616
2024-05-01T15:10:00,0.382,0.043,0.000,EXPORT,0.000,0.167,93.4,12.615
2024-05-01T15:15:00,0.371,0.044,0.000,EXPORT,0.000,0.167,93.4,12.615
2024-05-01T15:20:00,0.360,0.044,0.000,EXPORT,0.000,0.167,93.4,12.614
2024-05-01T15:25:00,0.349,0.045,0.000,EXPORT,0.000,0.167,93.4,12.613
2024-05-01T15:30:00,0.338,0.046,0.000,EXPORT,0.000,0.167,93.4,12.613
2024-05-01T15:35:00,0.327,0.047,0.000,EXPORT,0.000,0.167,93.4,12.612
2024-05-01T15:40:00,0.316,0.047,0.000,EXPORT,0.000,0.167,93.4,12.611
2024-05-01T15:45:00,0.305,0.048,0.000,EXPORT,0.000,0.167,93.4,12.610
2024-05-01T15:50:00,0.295,0.049,0.000,EXPORT,0.000,0.167,93.4,12.610
2024-05-01T15:55:00,0.284,0.049,0.000,EXPORT,0.000,0.167,93.4,12.609
2024-05-01T16:00:00,0.274,0.050,0.000,EXPORT,0.000,0.167,93.4,12.608
2024-05-01T16:05:00,0.264,0.056,0.000,EXPORT,0.000,0.167,93.3,12.602
2024-05-01T16:10:00,0.254,0.063,0.000,EXPORT,0.000,0.167,93.3,12.596
2024-05-01T16:15:00,0.244,0.069,0.000,EXPORT,0.000,0.167,93.3,12.590
2024-05-01T16:20:00,0.235,0.075,0.000,EXPORT,0.000,0.167,93.2,12.583
2024-05-01T16:25:00,0.226,0.081,0.000,EXPORT,0.000,0.167,93.0,12.560
2024-05-01T16:30:00,0.216,0.087,0.000,EXPORT,0.000,0.167,92.8,12.523
2024-05-01T16:35:00,0.208,0.094,0.000,EXPORT,0.000,0.167,92.4,12.470
2024-05-01T16:40:00,0.199,0.100,0.000,EXPORT,0.000,0.167,91.9,12.402
2024-05-01T16:45:00,0.190,0.106,0.000,EXPORT,0.000,0.167,91.3,12.319
2024-05-01T16:50:00,0.182,0.112,0.000,EXPORT,0.000,0.167,90.5,12.222
2024-05-01T16:55:00,0.174,0.119,0.000,EXPORT,0.000,0.167,89.7,12.111
2024-05-01T17:00:00,0.166,0.125,0.000,HOLD,0.000,0.000,90.0,12.152
2024-05-01T17:05:00,0.159,0.128,0.000,HOLD,0.000,0.000,90.2,12.182
2024-05-01T17:10:00,0.151,0.132,0.000,HOLD,0.000,0.000,90.4,12.202
2024-05-01T17:15:00,0.144,0.135,0.000,HOLD,0.000,0.000,90.4,12.210
2024-05-01T17:20:00,0.137,0.139,0.000,HOLD,0.000,0.000,90.4,12.209
2024-05-01T17:25:00,0.131,0.142,0.000,HOLD,0.000,0.000,90.3,12.197
2024-05-01T17:30:00,0.124,0.146,0.000,HOLD,0.000,0.000,90.2,12.175
2024-05-01T17:35:00,0.118,0.149,0.000,HOLD,0.000,0.000,90.0,12.144
2024-05-01T17:40:00,0.112,0.153,0.000,HOLD,0.000,0.000,89.7,12.103
2024-05-01T17:45:00,0.106,0.156,0.000,HOLD,0.000,0.000,89.3,12.053
2024-05-01T17:50:00,0.101,0.160,0.000,HOLD,0.000,0.000,88.8,11.994
2024-05-01T17:55:00,0.095,0.163,0.000,HOLD,0.000,0.000,88.3,11.926
2024-05-01T18:00:00,0.090,0.167,0.000,HOLD,0.000,0.000,87.8,11.850
2024-05-01T18:05:00,0.000,0.165,0.000,HOLD,0.000,0.000,86.6,11.685
2024-05-01T18:10:00,0.000,0.164,0.000,HOLD,0.000,0.000,85.3,11.521
2024-05-01T18:15:00,0.000,0.162,0.000,HOLD,0.000,0.000,84.1,11.358
2024-05-01T18:20:00,0.000,0.161,0.000,HOLD,0.000,0.000,82.9,11.197
2024-05-01T18:25:00,0.000,0.160,0.000,HOLD,0.000,0.000,81.8,11.037
2024-05-01T18:30:00,0.000,0.158,0.000,HOLD,0.000,0.000,80.6,10.879
2024-05-01T18:35:00,0.000,0.157,0.000,HOLD,0.000,0.000,79.4,10.722
2024-05-01T18:40:00,0.000,0.156,0.000,HOLD,0.000,0.000,78.3,10.567
2024-05-01T18:45:00,0.000,0.154,0.000,HOLD,0.000,0.000,77.1,10.412
2024-05-01T18:50:00,0.000,0.153,0.000,HOLD,0.000,0.000,76.0,10.260
2024-05-01T18:55:00,0.000,0.151,0.000,HOLD,0.000,0.000,74.9,10.108
2024-05-01T19:00:00,0.000,0.150,0.000,HOLD,0.000,0.000,73.8,9.958
2024-05-01T19:05:00,0.000,0.148,0.000,HOLD,0.000,0.000,72.7,9.810
2024-05-01T19:10:00,0.000,0.146,0.000,HOLD,0.000,0.000,71.6,9.665
2024-05-01T19:15:00,0.000,0.144,0.000,HOLD,0.000,0.000,70.5,9.521
2024-05-01T19:20:00,0.000,0.142,0.000,HOLD,0.000,0.000,69.5,9.379
2024-05-01T19:25:00,0.000,0.140,0.000,HOLD,0.000,0.000,68.4,9.240
2024-05-01T19:30:00,0.000,0.137,0.000,HOLD,0.000,0.000,67.4,9.102
2024-05-01T19:35:00,0.000,0.135,0.000,HOLD,0.000,0.000,66.4,8.967
2024-05-01T19:40:00,0.000,0.133,0.000,HOLD,0.000,0.000,65.4,8.833
2024-05-01T19:45:00,0.000,0.131,0.000,HOLD,0.000,0.000,64.5,8.702
2024-05-01T19:50:00,0.000,0.129,0.000,HOLD,0.000,0.000,63.5,8.573
2024-05-01T19:55:00,0.000,0.127,0.000,HOLD,0.000,0.000,62.6,8.446
2024-05-01T20:00:00,0.000,0.125,0.000,HOLD,0.000,0.000,61.6,8.321
2024-05-01T20:05:00,0.000,0.123,0.000,HOLD,0.000,0.000,60.7,8.198
2024-05-01T20:10:00,0.000,0.121,0.000,HOLD,0.000,0.000,59.8,8.077
2024-05-01T20:15:00,0.000,0.119,0.000,HOLD,0.000,0.000,59.0,7.958
2024-05-01T20:20:00,0.000,0.117,0.000,HOLD,0.000,0.000,58.1,7.842
2024-05-01T20:25:00,0.000,0.115,0.000,HOLD,0.000,0.000,57.2,7.727
2024-05-01T20:30:00,0.000,0.113,0.000,HOLD,0.000,0.000,56.4,7.615
2024-05-01T20:35:00,0.000,0.110,0.000,HOLD,0.000,0.000,55.6,7.504
2024-05-01T20:40:00,0.000,0.108,0.000,HOLD,0.000,0.000,54.8,7.396
2024-05-01T20:45:00,0.000,0.106,0.000,HOLD,0.000,0.000,54.0,7.290
2024-05-01T20:50:00,0.000,0.104,0.000,HOLD,0.000,0.000,53.2,7.185
2024-05-01T20:55:00,0.000,0.102,0.000,HOLD,0.000,0.000,52.5,7.083
2024-05-01T21:00:00,0.000,0.100,0.000,HOLD,0.000,0.000,51.7,6.983
2024-05-01T21:05:00,0.000,0.097,0.000,HOLD,0.000,0.000,51.0,6.886
2024-05-01T21:10:00,0.000,0.094,0.000,HOLD,0.000,0.000,50.3,6.792
2024-05-01T21:15:00,0.000,0.092,0.000,HOLD,0.000,0.000,49.6,6.700
2024-05-01T21:20:00,0.000,0.089,0.000,HOLD,0.000,0.000,49.0,6.611
2024-05-01T21:25:00,0.000,0.086,0.000,HOLD,0.000,0.000,48.3,6.525
2024-05-01T21:30:00,0.000,0.083,0.000,HOLD,0.000,0.000,47.7,6.442
2024-05-01T21:35:00,0.000,0.081,0.000,HOLD,0.000,0.000,47.1,6.361
2024-05-01T21:40:00,0.000,0.078,0.000,HOLD,0.000,0.000,46.5,6.283
2024-05-01T21:45:00,0.000,0.075,0.000,HOLD,0.000,0.000,46.0,6.208
2024-05-01T21:50:00,0.000,0.072,0.000,HOLD,0.000,0.000,45.5,6.136
2024-05-01T21:55:00,0.000,0.069,0.000,HOLD,0.000,0.000,44.9,6.067
2024-05-01T22:00:00,0.000,0.067,0.000,HOLD,0.000,0.000,44.4,6.000
2024-05-01T22:05:00,0.000,0.065,0.000,HOLD,0.000,0.000,44.0,5.935
2024-05-01T22:10:00,0.000,0.062,0.000,HOLD,0.000,0.000,43.5,5.873
2024-05-01T22:15:00,0.000,0.060,0.000,HOLD,0.000,0.000,43.1,5.812
2024-05-01T22:20:00,0.000,0.058,0.000,HOLD,0.000,0.000,42.6,5.754
2024-05-01T22:25:00,0.000,0.056,0.000,HOLD,0.000,0.000,42.2,5.698
2024-05-01T22:30:00,0.000,0.054,0.000,HOLD,0.000,0.000,41.8,5.644
2024-05-01T22:35:00,0.000,0.052,0.000,HOLD,0.000,0.000,41.4,5.592
2024-05-01T22:40:00,0.000,0.050,0.000,HOLD,0.000,0.000,41.0,5.542
2024-05-01T22:45:00,0.000,0.048,0.000,HOLD,0.000,0.000,40.7,5.494
2024-05-01T22:50:00,0.000,0.046,0.000,HOLD,0.000,0.000,40.4,5.448
2024-05-01T22:55:00,0.000,0.044,0.000,HOLD,0.000,0.000,40.0,5.404
2024-05-01T23:00:00,0.000,0.042,0.000,HOLD,0.000,0.000,39.7,5.362
2024-05-01T23:05:00,0.000,0.040,0.000,HOLD,0.000,0.000,39.4,5.322
2024-05-01T23:10:00,0.000,0.039,0.000,HOLD,0.000,0.000,39.1,5.283
2024-05-01T23:15:00,0.000,0.037,0.000,HOLD,0.000,0.000,38.9,5.246
2024-05-01T23:20:00,0.000,0.036,0.000,HOLD,0.000,0.000,38.6,5.210
2024-05-01T23:25:00,0.000,0.035,0.000,HOLD,0.000,0.000,38.3,5.175
2024-05-01T23:30:00,0.000,0.033,0.000,HOLD,0.000,0.000,38.1,5.142
2024-05-01T23:35:00,0.000,0.032,0.000,HOLD,0.000,0.000,37.8,5.110
2024-05-01T23:40:00,0.000,0.031,0.000,HOLD,0.000,0.000,37.6,5.079
2024-05-01T23:45:00,0.000,0.029,0.000,HOLD,0.000,0.000,37.4,5.050
2024-05-01T23:50:00,0.000,0.028,0.000,HOLD,0.000,0.000,37.2,5.022
2024-05-01T23:55:00,0.000,0.026,0.000,HOLD,0.000,0.000,37.0,4.996
